{"val_loss": [8.141398845735143, 8.106669941886526, 8.080843214649972, 8.059857502921682, 8.048256397768448, 8.044733613957472, 8.040242224834005, 8.033306767510586, 8.026516711125609, 8.028699676847197], "val_crf_accuracy": [0.9413545765511977, 0.952459644294176, 0.9618416933414063, 0.9637594550685153, 0.9671343886135706, 0.9676285244728047, 0.9652929862991708, 0.968991472030598, 0.9705283218394212, 0.9712947633097081], "loss": [8.012451297083881, 7.858306051315022, 7.827924071046925, 7.806260650244299, 7.792310344659874, 7.781406539390187, 7.773729619277297, 7.766959459104012, 7.761204908052385, 7.755464784078229], "crf_accuracy": [0.9000806627976701, 0.9428709738740891, 0.951122328164425, 0.9565309999692246, 0.9600523515771319, 0.9628646770678325, 0.9654837107820694, 0.967321586701634, 0.9690035433193034, 0.9698604215185572]}