{"val_loss": [55.81606355411234, 55.59063300702741, 55.57124418590204, 55.55382107384635, 55.54513362501377, 55.55271025442979, 55.55123364072563, 55.54362977343082, 55.54577206180527, 55.538369500176024], "val_crf_1_loss": [9.259624150711613, 9.143141760672771, 9.140222051559418, 9.138138589245653, 9.135767538632967, 9.137504228503293, 9.143634210042903, 9.13447370713587, 9.13932676973247, 9.13591138869714], "val_crf_2_loss": [9.175102864231802, 9.143104168692904, 9.143187588276819, 9.134103272923465, 9.132910737202346, 9.140489104990074, 9.135400506554726, 9.138287253514246, 9.133619411654674, 9.129591927073768], "val_crf_3_loss": [11.828274386346905, 11.806278974987288, 11.801111180985982, 11.797295787480014, 11.794953082603847, 11.794820589356558, 11.794124631102184, 11.79366744025636, 11.79613214897559, 11.795166217194922], "val_crf_4_loss": [9.139774724298604, 9.122622261710706, 9.120077570498978, 9.11905756944434, 9.118849201097014, 9.119020906449174, 9.117342202753601, 9.117414025582171, 9.117292695856749, 9.117770953900518], "val_crf_5_loss": [16.413287390695277, 16.375485777838033, 16.366645816230694, 16.365225609207748, 16.362652998704178, 16.36087531553042, 16.360731907582583, 16.35978716948769, 16.359401215843615, 16.35992891171411], "val_crf_1_crf_accuracy": [0.5126031828865584, 0.8486781390416823, 0.8268514306877267, 0.8455193900558763, 0.8633342229588745, 0.8326229691370332, 0.7385645511299308, 0.8531234002532154, 0.7910966223166742, 0.8482853871074779], "val_crf_2_crf_accuracy": [0.854244279530454, 0.8619928088180066, 0.790731874964936, 0.8783382407614793, 0.8591832150850945, 0.7736897968016496, 0.8177976965617147, 0.8079364150572573, 0.8247680077050897, 0.8942195525890809], "val_crf_3_crf_accuracy": [0.8828619989343668, 0.8940972862373349, 0.8861683230762155, 0.9146797957949268, 0.9150159430750403, 0.9092299872340418, 0.9191033416639426, 0.9236308179710249, 0.902235568481661, 0.9046610925551902], "val_crf_4_crf_accuracy": [0.9531676904019325, 0.9675727892334054, 0.9613397454789887, 0.9649670321638413, 0.9652642297211104, 0.9608782300666737, 0.9733330850510679, 0.9712521163544855, 0.9715732477730944, 0.9693523517224417], "val_crf_5_crf_accuracy": [0.9307194029259807, 0.9470131778230679, 0.9474953150661392, 0.9511399670183566, 0.949838221174476, 0.95416450910856, 0.9549490369857413, 0.9546520567713758, 0.955123524943464, 0.9558197593347836], "loss": [56.25820902769784, 55.556429282832454, 55.48613194115257, 55.46636914271581, 55.45740977039543, 55.45198205779907, 55.448297913355766, 55.44520036896704, 55.44217350553428, 55.44039881569827], "crf_1_loss": [9.282129121972986, 9.144359778766386, 9.12905492189868, 9.124970333855675, 9.12318613655242, 9.122092943490893, 9.121200469071587, 9.12067977343416, 9.119953594806494, 9.119416172849505], "crf_2_loss": [9.327968977969029, 9.142603384150181, 9.12553068632248, 9.121173166049404, 9.11920284176236, 9.11782775266484, 9.117117847319397, 9.116248944909097, 9.115586264323147, 9.115229067733818], "crf_3_loss": [11.900502084878765, 11.78842446185574, 11.776827590478533, 11.773730187484988, 11.772149666562527, 11.771307141349746, 11.770908213281793, 11.770328924895452, 11.76990030810318, 11.769602807762228], "crf_4_loss": [9.197354136732084, 9.115364133574149, 9.107178445029163, 9.104776460095033, 9.103829286173621, 9.10344593807408, 9.102898830468346, 9.102628978905685, 9.102293759643542, 9.102267400792263], "crf_5_loss": [16.550254704913883, 16.365677502874366, 16.347540269018566, 16.341718914218987, 16.33904182523201, 16.33730821437445, 16.336172487441413, 16.33531379297351, 16.33443959127659, 16.333883338827153], "crf_1_crf_accuracy": [0.7996998011009328, 0.818227929652501, 0.8278648633432345, 0.8330721805769844, 0.8386804623266172, 0.8442633400553101, 0.8506051179879348, 0.8506191021616673, 0.8531458896153264, 0.8563442904645131], "crf_2_crf_accuracy": [0.8074335591182995, 0.8407688073909859, 0.8482181036026801, 0.8551366687466555, 0.8604987451251818, 0.8638936757988835, 0.8692908311688905, 0.8714244803817525, 0.8754032103842172, 0.8778842538243325], "crf_3_crf_accuracy": [0.8903210481374781, 0.9048097037025943, 0.9101975528266282, 0.9115552268360504, 0.9151649905378597, 0.9174675464495007, 0.9193150523417445, 0.9192667081311684, 0.921978871380441, 0.9228857425129319], "crf_4_crf_accuracy": [0.9406825862938689, 0.9547358037527576, 0.9564596628768179, 0.9586279391266568, 0.9618649334986877, 0.9615754115221569, 0.9641318375125745, 0.964873231120518, 0.9660683485036953, 0.9675053467693799], "crf_5_crf_accuracy": [0.8934206530099431, 0.9371563600884296, 0.9421307194244576, 0.9445508167390195, 0.9459438227589276, 0.9476142422512832, 0.9496511962175752, 0.9497394978836822, 0.9500710627079415, 0.9515174006842264]}