{"val_crf_4_loss": [38.358846515161595, 38.29680126875305, 38.27639432141062, 38.268478678252364, 38.26500707690494, 38.26275689440996, 38.2648337941349, 38.25909179633831, 38.25886999630462, 38.26053377412707], "loss": [125.69351677880732, 124.68534376452416, 124.49489429248102, 124.4308911153983, 124.40107301628035, 124.38481455159766, 124.37286474568525, 124.36448523737297, 124.35751538246505, 124.35217957245173], "crf_5_crf_accuracy": [0.8680103681693105, 0.8762711584531625, 0.8901810417838851, 0.9022325737375773, 0.9118038200007771, 0.9196036632393133, 0.9242448555409564, 0.9269985670092843, 0.9301265016863886, 0.9315326942504508], "val_crf_5_crf_accuracy": [0.8571245353230803, 0.9005193167347048, 0.9129694026495028, 0.9190206370476341, 0.9296275357095245, 0.9275995331246608, 0.9353754412973286, 0.9306686927156412, 0.9306340195577625, 0.9377556207757071], "val_crf_4_crf_accuracy": [0.923015671631718, 0.9301836467046061, 0.9376290133298688, 0.9388433373820837, 0.9418787307387054, 0.9423804527378313, 0.929430290116507, 0.9471746840092291, 0.9437628163429742, 0.9273294439208877], "crf_3_loss": [26.75378022577927, 26.507288425225372, 26.456569422910064, 26.438380789222737, 26.429971689471962, 26.425304987017146, 26.422019160875035, 26.419335517528285, 26.41741688921984, 26.416104226513156], "crf_4_crf_accuracy": [0.8563089764238455, 0.9224469199248508, 0.9294509244592949, 0.9335421107409303, 0.9362532906531822, 0.9387623863278569, 0.9411658598508416, 0.9417025120397694, 0.9424429294660539, 0.9427179317699279], "val_crf_3_crf_accuracy": [0.817325808905486, 0.7884733687785725, 0.8423857896321159, 0.8513089052581032, 0.869766427831719, 0.8550833079494679, 0.8483026407922748, 0.846198374031664, 0.8610646719197751, 0.8734830675032879], "val_loss": [130.45142390330196, 130.1220172941619, 130.00319093178854, 129.96052048960527, 129.94187601038743, 129.9263423903745, 129.92520096150565, 129.9326474300241, 129.91873224794693, 129.90706865130792], "crf_1_crf_accuracy": [0.7660225056996841, 0.7636105315780025, 0.7641024837324658, 0.7691969730426047, 0.7732376563141088, 0.7775953856597512, 0.7840853012642713, 0.7875500138085654, 0.7912678534114113, 0.792893908633814], "crf_2_loss": [20.73016851790856, 20.506153677114305, 20.46748257764238, 20.455516565276707, 20.450109782107468, 20.44718114502595, 20.444777153982532, 20.44317274774541, 20.441758986336364, 20.440516382829273], "crf_2_crf_accuracy": [0.7589853761507067, 0.7596500057084393, 0.7649519208290624, 0.7716434680171314, 0.7761607790480152, 0.7840402170762042, 0.7913961340681116, 0.7981143399900886, 0.8017925136139817, 0.8098539899666223], "val_crf_1_crf_accuracy": [0.7585708578881863, 0.7605137476084599, 0.7596424335200699, 0.7603568963806402, 0.7757932546113082, 0.7847152296384106, 0.7784245781097655, 0.7936703075574345, 0.7832894953273631, 0.7971140513002912], "val_crf_2_crf_accuracy": [0.7616425164455004, 0.7690674202681689, 0.7607737734412644, 0.7646599918780785, 0.792907706785527, 0.7936428427224527, 0.8072956853265106, 0.6511421177014594, 0.7748820987814834, 0.8271828696318421], "val_crf_2_loss": [21.460669894668133, 21.38841073490494, 21.37247075110012, 21.36385694790159, 21.35847890715097, 21.356111812864093, 21.354910839413726, 21.36960433734383, 21.356055719036405, 21.35243583003304], "crf_4_loss": [36.903073781946986, 36.68945786148072, 36.65229113310042, 36.63895830780449, 36.63239897624979, 36.62864750615404, 36.62579730699716, 36.62433007043057, 36.622697732966834, 36.62156635333716], "val_crf_1_loss": [21.47199969062126, 21.39508098213194, 21.3842832846651, 21.37347080535117, 21.366290190372396, 21.364402306003868, 21.3648429257604, 21.361818345464645, 21.362608848809934, 21.361396368374326], "crf_1_loss": [20.706445246356154, 20.509467629345764, 20.471998548795383, 20.460231477006012, 20.45535120333571, 20.452698961170018, 20.45089574229278, 20.449239517499283, 20.44824689059897, 20.447343962266906], "val_crf_3_loss": [27.731824299193235, 27.67532282804337, 27.617377090202528, 27.607347762199463, 27.606744476925492, 27.599591591667934, 27.598526915866586, 27.60081528894035, 27.600300840242376, 27.592133024546516], "crf_3_crf_accuracy": [0.8030423349947354, 0.8105572496638597, 0.8183405674028887, 0.8318380064944377, 0.8414582984714032, 0.846568347186854, 0.8542204898128017, 0.8598262994848886, 0.8620077604503688, 0.8654759700863388], "crf_5_loss": [20.600049280416208, 20.47297620192105, 20.446552592887645, 20.437804268813423, 20.43324142477393, 20.430981986544047, 20.429375583109447, 20.428407488018582, 20.42739467035679, 20.42664879906256], "val_crf_5_loss": [21.42808368332335, 21.36640145600982, 21.352665231578506, 21.347366485209957, 21.345355136181187, 21.34347972253517, 21.342087000379145, 21.341317435520565, 21.340896638101682, 21.340570350876742]}