{"val_loss": [6.202129089175247, 6.166920625130961, 6.143604725364625, 6.1371348891671245, 6.12664581659272, 6.118582459697573, 6.114671938438115, 6.113811079911359, 6.109331522964117, 6.106069938028892], "val_crf_accuracy": [0.9580751467877485, 0.9681065335048465, 0.9751108092585886, 0.9749733868546373, 0.9795382702444482, 0.9821950987568052, 0.9834221911242628, 0.981600102101724, 0.9841172067199166, 0.984161347291601], "loss": [6.605080555133125, 6.444565674170058, 6.41603575100084, 6.396608983101297, 6.381649687844498, 6.373520286143327, 6.365132576277276, 6.359769381728827, 6.354176299578669, 6.350401710061466], "crf_accuracy": [0.9142775837989414, 0.957035993828493, 0.964108184773047, 0.9685674174493101, 0.9727427850918275, 0.9753163102962056, 0.9775818749970081, 0.9788504525059077, 0.981064953222996, 0.9820985201360131]}