{"val_loss": [18.65282182832635, 18.62106895311677, 18.61226294685447, 18.6081225297525, 18.60314111281326, 18.599825691680323, 18.59725519272977, 18.597517207554098, 18.595893509277527, 18.596883254747652], "val_crf_accuracy": [0.9246802977486159, 0.9349464670526592, 0.9370707355303507, 0.9390385212802334, 0.9432900939266039, 0.9462922268995297, 0.9480644172253564, 0.9470656986428415, 0.9488781065082293, 0.9456554655144515], "loss": [19.266168201732746, 19.1388975186791, 19.117290564205824, 19.10756493239299, 19.10193667424265, 19.09828324727945, 19.09547610301064, 19.093068569479172, 19.091091106507037, 19.089622582473773], "crf_accuracy": [0.9019273023795865, 0.9239981638173276, 0.9318496015832217, 0.9363544805554869, 0.9390916130951943, 0.9408873360799807, 0.9427925434871021, 0.9442302680076368, 0.9455123042257843, 0.9468012981381616]}