{"val_loss": [31.29984930419922, 31.234764999389647, 31.19967770385742, 31.187140510559082, 31.17882829284668, 31.17299932861328, 31.170248161315918, 31.165441268920897, 31.160747886657713, 31.161883041381834], "val_crf_accuracy": [0.9020663576126099, 0.9150186147689819, 0.925026792049408, 0.9303067049980164, 0.9325374512672424, 0.9358123717308044, 0.9367981557846069, 0.9385826020240784, 0.9407901611328126, 0.9408006587028503], "loss": [32.65270980919732, 32.43346550920275, 32.38754097832574, 32.36458167266846, 32.351166865030926, 32.34174416266547, 32.33512349955241, 32.330055339389375, 32.325691046820744, 32.322576135423446], "crf_accuracy": [0.8504315516153972, 0.9038017037179735, 0.9146780228084989, 0.9211176944308811, 0.9248554242981805, 0.9279209027820163, 0.9310373934110006, 0.932885000652737, 0.9351110203531053, 0.936288566854265]}