{"val_loss": [4.713958898544312, 4.69669190788269, 4.687813938140869, 4.681716276168824, 4.678744802474975, 4.676408800125122, 4.674251529693604, 4.676477394104004, 4.672545969009399, 4.670304698944092], "val_crf_accuracy": [0.9659504361152649, 0.9731665787696838, 0.9789504427909851, 0.9818349933624267, 0.9831035051345826, 0.9837937922477722, 0.9848156147003174, 0.9836397314071655, 0.9863723764419555, 0.9873800239562989], "loss": [5.028641351064047, 4.972266511281331, 4.958035102844239, 4.950881964789496, 4.945361974928114, 4.941209351857503, 4.938927785661486, 4.936460984124078, 4.934830408308241, 4.93321674601237], "crf_accuracy": [0.9499872801966137, 0.9690494736035665, 0.974244224442376, 0.978090289539761, 0.9802948048909506, 0.9822242529657152, 0.9840557623969184, 0.9848646320766873, 0.9859409574932523, 0.9868674628999499]}