{"val_loss": [6.424810855436009, 6.392132766673107, 6.379732620795042, 6.370730218192599, 6.3633891869854455, 6.360671855598096, 6.365391313161282, 6.355843115800264, 6.354635347277913, 6.353621796109029], "val_crf_accuracy": [0.9458782529988826, 0.958148414962339, 0.9576464361702369, 0.9621899401904731, 0.9662870879994323, 0.9671892631132871, 0.961138518677642, 0.9703374835039607, 0.9708779650018705, 0.9713968004611944], "loss": [6.221544166082733, 6.1268679655977, 6.1015077416959835, 6.087788763694311, 6.078051140335938, 6.07289353700447, 6.0675219551835715, 6.064273438783315, 6.060999678062917, 6.058200938654413], "crf_accuracy": [0.9157918386261708, 0.942045847498808, 0.9494756160433264, 0.9542410923614423, 0.9576131147637262, 0.9593479781958945, 0.9614366969961854, 0.9631661681102774, 0.9653205625097978, 0.9665529793451314]}